{
  "version": "1.0",
  "defaultProvider": "unpkg",
  "libraries": [
    {
      "library": "@aspnet/signalr@1.1.4",
      "destination": "wwwroot/lib/signalr/",
      "files": [
        "dist/browser/signalr.min.js",
        "dist/browser/signalr.min.js.map"
      ]
    },
    {
      "library": "@aspnet/signalr-protocol-msgpack@1.1.0",
      "destination": "wwwroot/lib/signalr-protocol-msgpack/",
      "files": [
        "dist/browser/signalr-protocol-msgpack.js",
        "dist/browser/signalr-protocol-msgpack.js.map"
      ]
    },
    {
      "library": "msgpack5@4.2.1",
      "destination": "wwwroot/lib/msgpack5/",
      "files": [
        "dist/msgpack5.js"
      ]
    }
  ]
}